{"cameraMode":{"drawMode":0,"name":"Shaded","section":"Shading Mode"},"sceneLighting":true,"audioPlay":false,"sceneViewState":{"m_AlwaysRefresh":false,"showFog":true,"showSkybox":true,"showFlares":true,"showImageEffects":true,"showParticleSystems":true,"showVisualEffectGraphs":true,"m_FxEnabled":true},"in2DMode":false,"pivot":{"x":-7.133796691894531,"y":0.4912217855453491,"z":-3.052175521850586},"rotation":{"x":0.016490446403622628,"y":-0.01499186735600233,"z":0.0006307637086138129,"w":0.9998178482055664},"size":4.126419544219971,"orthographic":true}